ab39b5,127.0.0.1,GET,http://127.0.0.1:8000/,1491856167,,200
8c4475,127.0.0.1,GET,http://127.0.0.1:8000/login,1491856175,111a0a,200
111a0a,127.0.0.1,GET,http://127.0.0.1:8000/login,1491856175,,404
a0ccda,127.0.0.1,GET,http://127.0.0.1:8000/,1491857002,2060e2,200
2060e2,127.0.0.1,GET,http://127.0.0.1:8000/,1491857002,,500
52ad6b,127.0.0.1,GET,http://127.0.0.1:8000/,1491857014,,200
ddfeae,127.0.0.1,GET,http://127.0.0.1:8000/,1491857045,,200
d53df5,127.0.0.1,GET,http://127.0.0.1:8000/,1491857295,afb31d,200
afb31d,127.0.0.1,GET,http://127.0.0.1:8000/,1491857295,,500
cebeb3,127.0.0.1,GET,http://127.0.0.1:8000/,1491857331,,200
b6e24a,127.0.0.1,GET,http://127.0.0.1:8000/,1491857740,,200
d534b3,127.0.0.1,GET,http://127.0.0.1:8000/,1491857949,,200
215452,127.0.0.1,GET,http://127.0.0.1:8000/,1491858162,,200
a1bc78,127.0.0.1,GET,http://127.0.0.1:8000/,1491858200,,200
7fd8be,127.0.0.1,GET,http://127.0.0.1:8000/,1491858440,,200
61b791,127.0.0.1,GET,http://127.0.0.1:8000/,1491858886,0e0e8a,200
0e0e8a,127.0.0.1,GET,http://127.0.0.1:8000/,1491858886,,500
44b554,127.0.0.1,GET,http://127.0.0.1:8000/,1491858906,,200
eb448c,127.0.0.1,GET,http://127.0.0.1:8000/,1491899890,,200
8576dd,127.0.0.1,GET,http://127.0.0.1:8000/,1491900732,,200
114de5,127.0.0.1,GET,http://127.0.0.1:8000/profile,1491900737,0de862,200
0de862,127.0.0.1,GET,http://127.0.0.1:8000/profile,1491900738,,404
4fd86e,127.0.0.1,GET,http://127.0.0.1:8000/profile,1491900845,af600e,200
af600e,127.0.0.1,GET,http://127.0.0.1:8000/profile,1491900845,,404
2479f9,127.0.0.1,GET,http://127.0.0.1:8000/profile,1491900848,ee146a,200
ee146a,127.0.0.1,GET,http://127.0.0.1:8000/profile,1491900848,,404
054859,127.0.0.1,GET,http://127.0.0.1:8000/profile,1491901067,dbee57,200
dbee57,127.0.0.1,GET,http://127.0.0.1:8000/profile,1491901067,,404
3ea0db,127.0.0.1,GET,http://127.0.0.1:8000/,1491901073,,200
c64ecf,127.0.0.1,GET,http://127.0.0.1:8000/profile,1491901093,c7e91e,200
c7e91e,127.0.0.1,GET,http://127.0.0.1:8000/profile,1491901093,,404
0e12fe,127.0.0.1,GET,http://127.0.0.1:8000/profile,1491901173,b02080,200
b02080,127.0.0.1,GET,http://127.0.0.1:8000/profile,1491901173,,404
bc030d,127.0.0.1,GET,http://127.0.0.1:8000/profile,1491901255,5a3df6,200
5a3df6,127.0.0.1,GET,http://127.0.0.1:8000/profile,1491901255,,404
4de862,127.0.0.1,GET,http://127.0.0.1:8000/profile,1491901256,afd4cd,200
afd4cd,127.0.0.1,GET,http://127.0.0.1:8000/profile,1491901256,,404
91647b,127.0.0.1,GET,http://127.0.0.1:8000/profile,1491901257,a61bad,200
a61bad,127.0.0.1,GET,http://127.0.0.1:8000/profile,1491901257,,404
b812d3,127.0.0.1,GET,http://127.0.0.1:8000/profile,1491901257,3aa436,200
3aa436,127.0.0.1,GET,http://127.0.0.1:8000/profile,1491901257,,404
a74a57,127.0.0.1,GET,http://127.0.0.1:8000/profile,1491901257,463ffa,200
463ffa,127.0.0.1,GET,http://127.0.0.1:8000/profile,1491901257,,404
